Age,Gender,Income,Expense,Target
62,Erkek,30441,4247.611993609584,112735.05996804792
18,Kadin,49381,4024.2947645879185,168400.4738229396
21,Kadin,91508,4279.0280496740015,296061.14024837
21,Kadin,14207,3859.3404241109133,62059.70212055457
57,Erkek,81777,4401.620678509289,267503.1033925464
27,Kadin,28670,2189.30043316928,97110.5021658464
37,Erkek,91776,2090.5418234473755,285904.7091172369
39,Erkek,97051,1168.6040028756431,297124.02001437824
54,Kadin,49905,4885.920128364673,174352.60064182337
41,Kadin,56617,2224.091229525634,181153.45614762817
24,Kadin,81007,1909.6955542872909,252717.47777143645
42,Kadin,24937,1273.0129327724665,81360.06466386233
42,Erkek,22120,2719.293704666401,80090.468523332
30,Erkek,37117,4234.432520518791,132633.16260259395
19,Kadin,78134,2278.370365525132,245931.85182762565
56,Kadin,46915,4121.479996636102,161564.3999831805
57,Erkek,64019,4095.5538238637128,212698.76911931857
41,Erkek,55486,4746.06857764505,190320.34288822525
64,Erkek,17802,2027.2521470407473,63720.26073520374
42,Kadin,64685,3340.183543521463,210939.9177176073
35,Kadin,39442,4717.769494164035,142084.84747082018
55,Erkek,76181,1939.3825313076195,238399.9126565381
43,Kadin,14039,1539.3280127573794,49999.640063786894
31,Erkek,98910,2521.7987018468593,309450.9935092343
26,Kadin,19635,4641.638206712986,82265.19103356493
27,Erkek,32708,3998.1472845712356,118218.73642285618
38,Kadin,31863,1149.91068867588,101514.5534433794
34,Kadin,98327,4093.048242561611,315614.24121280806
23,Erkek,53699,2807.325408969534,175229.62704484767
33,Erkek,87158,3665.2815965547616,279916.4079827738
18,Erkek,76297,3841.932679501805,248186.66339750902
36,Erkek,84675,3211.937337613187,270206.68668806594
53,Kadin,30381,3786.713047283907,110282.56523641953
42,Erkek,43393,3541.2555945661547,148019.27797283078
47,Kadin,69843,3725.3426944478133,228349.71347223906
37,Erkek,87690,1415.6058246390146,270272.0291231951
37,Erkek,46151,4029.7501649118253,158725.75082455913
32,Erkek,75112,2963.8240083467563,240269.12004173378
57,Kadin,12555,1755.1276631352334,46654.638315676166
50,Kadin,91148,2246.192902772911,284874.96451386454
19,Kadin,63752,3482.134296220204,208804.67148110102
27,Erkek,70533,4855.631698501025,235981.15849250514
50,Erkek,24707,1752.3240465038857,83032.62023251943
49,Kadin,42214,4581.169593774162,149745.8479688708
28,Kadin,80841,3587.1017856718336,260614.50892835917
41,Kadin,23195,2989.919399030802,84716.59699515402
53,Erkek,83298,2480.7809808734473,262453.9049043672
29,Erkek,71401,1615.7711925832596,222389.8559629163
46,Kadin,46076,1482.5851078366154,145832.92553918308
52,Erkek,44183,1523.7391890944068,140321.69594547205
18,Kadin,60973,1912.531554975642,192617.6577748782
18,Kadin,86745,4410.535947444809,282423.67973722407
54,Kadin,17228,1980.464188539368,61794.32094269684
23,Erkek,70027,2425.939549335796,222306.69774667898
56,Erkek,67447,4727.811596223707,226142.05798111853
58,Kadin,56783,2921.1819915135347,185170.90995756767
35,Kadin,98193,3368.352847751645,311590.76423875825
33,Erkek,24226,4314.937207888589,94368.68603944295
22,Kadin,87493,1571.4242123609963,270480.121061805
59,Kadin,23596,3134.8924863574694,86680.46243178734
60,Kadin,92368,1395.2233194768114,284300.11659738404
49,Kadin,87528,3171.1305766619125,278637.6528833096
19,Erkek,40281,3377.514637321763,137818.57318660882
19,Kadin,58008,3184.357468043615,190083.78734021808
57,Kadin,34530,2457.138298875384,116089.69149437692
59,Erkek,13467,4393.754058506644,62537.77029253322
53,Kadin,20716,2238.535438964504,73546.67719482252
56,Erkek,32901,4055.710183164074,119143.55091582038
29,Kadin,70241,2793.928456716782,224850.6422835839
64,Erkek,39111,4221.684669002473,138619.42334501236
36,Kadin,78623,4166.149889292507,256871.74944646255
45,Erkek,10131,4283.599941833912,51950.99970916956
18,Kadin,72570,3763.4830863763145,236663.41543188156
32,Kadin,69864,4031.847236795404,229915.23618397702
53,Erkek,87525,4118.992658722718,283325.9632936136
30,Erkek,11614,4005.3857106209707,54978.92855310485
60,Erkek,45695,2568.319801378818,150096.5990068941
38,Kadin,47708,1789.7652389045766,152248.82619452287
29,Kadin,76827,4880.523489527883,255041.6174476394
22,Erkek,93303,2025.2405737010863,290129.20286850544
24,Erkek,68202,4921.5003169186275,229311.50158459315
22,Kadin,14845,1408.7368457948078,51722.68422897404
21,Erkek,31922,4307.897811422732,117397.48905711366
30,Erkek,62222,1846.0719270033283,196006.35963501665
54,Erkek,86304,4323.792598278624,280688.9629913931
58,Erkek,78129,1276.7392187705711,240936.69609385286
32,Erkek,66492,4466.811916507297,221924.0595825365
33,Erkek,51768,2673.453710434743,168787.26855217371
38,Erkek,36952,4699.299494690487,134478.49747345244
53,Erkek,76666,3569.117318856375,247999.58659428186
41,Kadin,43363,3065.452586385801,145598.262931929
33,Erkek,80386,3268.962222832991,257618.81111416494
31,Erkek,96935,3145.8225518587274,306646.11275929364
39,Kadin,81071,1547.079747116364,251126.3987355818
23,Kadin,51622,3686.2733028888583,173443.3665144443
59,Kadin,33616,1714.8684271470647,109640.34213573532
53,Kadin,74799,4352.701981673795,246366.509908369
18,Erkek,67427,1251.6278450023788,208625.1392250119
49,Erkek,53827,4817.603522279309,185717.01761139656
23,Kadin,75017,1595.8346045374308,233176.17302268714
48,Kadin,54428,1621.8928837808312,171589.46441890416
18,Kadin,15130,1280.355055447341,51927.77527723671
54,Erkek,64772,1599.2620140842532,202470.31007042126
52,Kadin,51808,3295.974815235092,172107.87407617545
47,Kadin,77267,2427.615686538338,244133.0784326917
21,Erkek,60512,4735.359952543855,205304.79976271928
52,Erkek,97360,2465.3086438930204,304560.5432194651
60,Kadin,52113,4704.565513284297,180081.82756642147
31,Erkek,36418,1234.2696280153036,115537.34814007652
57,Kadin,90736,1879.759895124555,281820.79947562277
39,Kadin,92283,4370.71204691166,298880.5602345583
27,Erkek,14562,1654.692296965989,52063.461484829946
18,Kadin,18889,2041.0101538011354,67008.05076900567
28,Kadin,95398,2484.869552457914,298774.3477622896
61,Kadin,50719,3336.7938777240893,169062.96938862046
41,Erkek,19103,2569.2444482921615,70287.22224146081
20,Erkek,78935,2072.6923954251565,247258.4619771258
52,Erkek,89131,2947.7767057785936,282285.88352889294
53,Kadin,24552,3127.436347948023,89499.18173974012
48,Erkek,14409,4849.641098435325,67621.20549217662
21,Kadin,62026,3703.818462081053,204739.09231040528
36,Kadin,53224,1768.6929844281583,168687.4649221408
64,Kadin,28701,4045.321104051197,106557.60552025598
53,Kadin,16034,4924.567074633234,72930.83537316616
38,Erkek,83678,1602.8605753380245,259174.3028766901
35,Kadin,65060,1649.0072410856037,203595.036205428
45,Kadin,15703,1458.7239497153814,54592.61974857691
32,Kadin,40391,2163.045878789906,132152.22939394953
59,Kadin,40955,3783.896873897372,142002.48436948686
19,Erkek,99333,2331.1073859926664,309742.53692996333
54,Kadin,62315,1381.8264622059214,194062.1323110296
28,Kadin,32572,3519.607479015096,115470.03739507549
40,Kadin,17951,4100.552838434769,74535.76419217384
61,Kadin,93543,2620.1659611329496,293951.8298056647
58,Kadin,81627,3667.2677988873543,263433.3389944368
29,Erkek,44381,3356.124490547018,150031.6224527351
20,Erkek,51470,3574.576054377858,172372.8802718893
34,Erkek,17581,2687.528544041842,66298.6427202092
50,Kadin,97647,2908.3979369737945,307682.98968486895
18,Erkek,91618,4259.7984304799775,296238.9921523999
56,Kadin,50580,3348.488019019332,168694.44009509665
37,Kadin,80577,1377.1524124996954,248790.76206249848
64,Kadin,94311,1119.4148181731864,288758.0740908659
60,Erkek,17209,3045.0064719302563,67022.03235965129
58,Kadin,19690,3178.639294605523,75179.19647302761
31,Kadin,49855,4264.672351177258,171050.3617558863
48,Erkek,61473,3921.747288778427,204173.73644389212
42,Kadin,11344,1901.5316736322293,43723.658368161145
20,Kadin,26620,4174.388168568241,100871.9408428412
21,Kadin,39334,3516.4624955291556,135726.31247764578
48,Kadin,48986,1933.0839302413278,156819.41965120664
52,Erkek,27570,3063.4935727417146,98181.46786370857
61,Erkek,71096,1960.1106370438565,223260.5531852193
31,Kadin,62214,3886.891483508778,206238.4574175439
58,Kadin,97701,2207.4621632482185,304356.3108162411
26,Erkek,99890,2986.977694435593,314706.88847217796
37,Erkek,51333,4592.785127546009,177086.92563773005
49,Kadin,54192,4949.445538455966,187521.22769227982
26,Erkek,58428,4831.594616176893,199543.97308088446
44,Erkek,76147,4081.8655864667917,248988.32793233395
20,Kadin,33289,1544.8130592435778,107731.06529621789
21,Erkek,57975,2871.7883983950633,188375.94199197533
62,Erkek,13995,4873.142067043547,66524.71033521774
32,Erkek,56843,2412.0383677968307,182703.19183898414
50,Erkek,12352,1637.9861943587466,45395.930971793736
22,Erkek,64655,1765.2502229262063,202885.25111463104
21,Erkek,28058,3197.3932882540544,100252.96644127027
63,Kadin,56404,1086.807246232934,174872.03623116467
29,Kadin,85025,4081.045761621934,275638.22880810965
40,Kadin,33299,2570.2760932451997,112928.380466226
31,Erkek,20525,1893.432859896914,71154.16429948458
63,Erkek,88438,2166.3867177016423,276321.9335885082
29,Kadin,31707,4212.576321165871,116341.88160582936
34,Erkek,62701,1148.7245681487734,193964.62284074386
42,Kadin,83020,4085.2834140787213,269670.4170703936
47,Erkek,49603,4049.1876502389564,169198.93825119478
39,Kadin,16388,1326.1648763658277,55972.82438182914
64,Kadin,53593,4324.145556306774,182627.72778153387
43,Kadin,24272,1688.1686543674377,81442.84327183719
34,Kadin,73472,1545.7294760818786,228312.64738040938
37,Kadin,26627,1665.604784685555,88383.02392342777
51,Kadin,45349,1011.0320357249565,141304.1601786248
58,Erkek,40302,3133.8267570641574,136741.1337853208
50,Erkek,45983,2475.903406394794,150478.51703197398
54,Erkek,45568,1573.0129222353403,144727.0646111767
24,Kadin,98330,4474.914307911038,317512.5715395552
39,Erkek,28065,3024.80666562886,99447.0333281443
49,Kadin,90003,2394.8322755079707,282181.16137753986
31,Erkek,62199,3130.882313986559,202363.4115699328
25,Kadin,42329,4236.8476083341775,148321.23804167088
42,Kadin,27181,1683.739223936418,90145.69611968209
33,Erkek,99283,4462.706437865101,320278.5321893255
59,Kadin,47328,3341.7791833185056,158910.89591659253
36,Kadin,21908,3462.127578121743,83206.63789060872
58,Kadin,35700,3354.168690162737,124086.84345081369
33,Erkek,71472,1885.2764768603497,223958.38238430175
29,Kadin,54113,1738.9541550963145,171191.77077548156
56,Erkek,93575,2909.409263508643,295434.0463175432
47,Kadin,12422,2425.3709389564574,49586.85469478229
19,Kadin,60933,1963.3453960161796,192753.7269800809
49,Kadin,16437,3325.0771837841257,66134.38591892063
62,Kadin,93227,4424.7383616383595,302028.6918081918
42,Kadin,56670,3227.590943401344,186331.9547170067
42,Kadin,59083,4626.0929176330665,200563.46458816534
21,Erkek,11631,3867.180032333475,54320.90016166738
36,Erkek,95304,4601.749110534482,309042.7455526724
21,Kadin,33325,1806.8429096230543,109151.21454811527
60,Kadin,41388,3349.3463985539447,141130.73199276972
30,Kadin,64690,2418.7109971156788,206323.5549855784
56,Kadin,83914,3974.8204272969433,271828.1021364847
53,Erkek,65167,2799.518673627256,209654.59336813627
40,Erkek,79502,2648.7246279250985,251879.6231396255
23,Erkek,95969,1571.9151304775419,295862.5756523877
41,Kadin,15596,2418.2178987223633,59061.08949361181
61,Erkek,99744,3671.2137813629,317760.0689068145
50,Erkek,32075,3035.090274727035,111550.45137363518
29,Kadin,11004,3076.5276605935233,48552.638302967614
58,Erkek,97047,3592.663489424702,309270.3174471235
38,Erkek,37532,2103.3502082789832,123238.75104139492
28,Erkek,31227,1882.9850455413398,103201.9252277067
61,Kadin,78829,4871.034318818514,261064.17159409256
55,Erkek,11064,1551.3252088658196,41108.626044329096
46,Kadin,88848,1323.992738900302,273355.9636945015
58,Kadin,67556,3814.6013828623372,221957.00691431167
20,Erkek,57708,3588.5012862908525,191156.50643145427
45,Erkek,41949,2483.8930079123656,138406.46503956182
37,Erkek,89013,1307.1449826644423,273698.7249133222
43,Erkek,72013,2118.119773515257,226765.59886757628
41,Erkek,46967,1248.8982799357623,147277.4913996788
64,Erkek,40642,4956.4852217510015,146886.426108755
38,Kadin,67924,3781.629413054141,222856.1470652707
47,Kadin,18686,2727.5724007015097,69889.86200350754
21,Kadin,82652,4678.919892489851,271492.59946244926
53,Erkek,58825,3261.7830068474864,192939.91503423743
57,Erkek,51847,3845.0998898699713,174930.49944934985
27,Erkek,79616,3027.0789774678624,254087.39488733932
27,Kadin,88980,4305.911806878918,288623.55903439457
59,Kadin,45364,4929.7859733484875,160958.92986674243
41,Erkek,20706,2648.5114429868563,75492.55721493428
21,Kadin,84462,1589.1893125794088,261473.94656289704
64,Kadin,92293,2607.378071647758,290143.8903582388
44,Kadin,33843,4190.84767031979,122671.23835159895
62,Erkek,97984,1000.7468557300365,299129.7342786502
21,Kadin,64833,4818.379128480707,218732.89564240354
49,Erkek,29641,3650.057898149985,107321.28949074993
27,Kadin,32578,2242.5913526371223,109100.95676318562
28,Kadin,37361,2959.2854816882214,127035.4274084411
45,Kadin,52160,2056.2909747356057,166951.45487367804
63,Erkek,67329,2743.7251370659005,215881.6256853295
25,Erkek,58764,3552.876400126523,194156.3820006326
57,Erkek,28931,3696.3091559641757,105438.54577982088
39,Erkek,89780,2291.0933747213876,280923.46687360696
51,Erkek,39030,1091.864960235319,122701.3248011766
62,Erkek,31540,2508.7772820367218,107337.88641018361
52,Kadin,66606,2501.5119904835287,212529.55995241765
52,Erkek,64898,2648.0976768791274,208088.48838439563
42,Kadin,66467,4862.901892693835,223899.50946346918
51,Erkek,38070,4880.3879024768175,138763.9395123841
23,Erkek,71868,1594.8565314235475,223674.28265711773
58,Erkek,26419,4653.730439850089,102691.65219925044
54,Erkek,31262,4913.838574631494,118513.19287315747
18,Erkek,23304,2026.5900268637108,80130.95013431855
29,Kadin,83041,3964.095600781898,269101.47800390946
52,Erkek,66131,1701.8193995476643,207056.09699773832
23,Kadin,69165,2887.8625550552515,222080.31277527625
34,Erkek,87979,3428.8183918355694,281199.09195917787
26,Erkek,60209,1718.3539208482493,189320.76960424124
19,Kadin,96451,3188.7363740860396,305434.6818704302
35,Kadin,13958,3955.3251815716876,61820.62590785844
53,Erkek,83784,3669.671041209821,269856.3552060491
45,Kadin,16421,3522.9859775684295,67067.92988784215
58,Erkek,30202,1481.7289688070377,98180.64484403518
54,Kadin,94509,4825.558056287873,307862.7902814394
43,Kadin,43725,1563.6681640287393,139179.3408201437
21,Kadin,52554,3448.9520353730604,175048.7601768653
57,Kadin,15912,1518.1256042721047,55540.62802136052
53,Erkek,30594,3158.8133569787437,107732.06678489372
48,Kadin,54304,4469.73452012704,185456.6726006352
47,Kadin,16592,3521.1417261415977,67575.70863070799
51,Kadin,30324,4634.346745122167,114345.73372561083
36,Kadin,73458,3634.177067545258,238716.8853377263
35,Kadin,24971,2821.598797251031,89190.99398625515
47,Kadin,36637,2867.449070797462,124442.24535398731
38,Kadin,71179,1846.550044883872,222945.75022441935
20,Erkek,14354,4815.444112397196,67229.22056198597
23,Erkek,44626,2243.7039783558885,145192.51989177943
55,Erkek,53155,2599.7835187509727,172623.91759375486
30,Kadin,20740,1119.158174068589,67975.79087034294
62,Erkek,95754,2552.0244429364693,300196.12221468234
20,Kadin,81116,1466.82302769652,250822.1151384826
45,Kadin,79278,1765.702161627655,246852.51080813826
39,Erkek,44074,4158.153222209894,153140.76611104948
57,Kadin,13313,2888.7602577180905,54596.80128859045
57,Kadin,60112,4350.956319448718,202304.7815972436
29,Erkek,86033,2291.3956220463215,269663.97811023163
40,Kadin,29876,2532.784401398915,102471.92200699457
48,Erkek,26138,4328.53835706729,100202.69178533644
35,Kadin,65584,1270.5261305034257,203274.63065251714
24,Kadin,85262,4281.689807948708,277342.4490397435
25,Erkek,82988,1821.559830487422,258171.7991524371
36,Kadin,49471,3619.7215286010073,166683.60764300503
46,Erkek,24929,3131.4779826479157,90586.38991323957
61,Kadin,39092,4157.141957098489,138283.70978549245
37,Erkek,41943,4065.9914941213046,146282.95747060652
59,Erkek,52694,3301.6160356085097,174758.08017804255
47,Kadin,31129,3322.7571946278517,110194.78597313925
64,Erkek,33314,3937.4441098561447,119807.22054928073
39,Kadin,76717,3442.2529817754894,247540.26490887743
27,Kadin,72133,3235.9665449210393,232732.8327246052
43,Kadin,55610,2990.7814124693787,181969.9070623469
50,Erkek,12514,4830.039222393589,61842.19611196795
45,Erkek,86573,1884.9597853705382,269283.7989268527
27,Kadin,90273,2748.376982677998,284714.88491339
46,Kadin,61235,2675.1495782842485,197272.74789142126
61,Kadin,30368,3346.2256213383616,108057.12810669182
35,Kadin,29991,3735.131709343666,108818.65854671833
59,Kadin,83356,1891.084418537674,259741.42209268836
18,Erkek,47219,3247.4304676435413,157980.1523382177
40,Kadin,82557,4681.555183240505,271258.7759162025
34,Kadin,16932,1937.3883730444352,60650.94186522218
60,Erkek,22369,1443.2158844761686,74493.07942238085
54,Kadin,94908,2116.9296582632032,295516.648291316
48,Kadin,77622,3210.9629449681556,249116.81472484078
42,Erkek,99034,2809.9259324034074,311285.62966201705
21,Kadin,22837,2761.5428996010214,82460.71449800511
26,Kadin,43130,3616.7942586715735,147625.97129335787
45,Kadin,14648,4665.94159498596,67463.7079749298
47,Erkek,87595,1743.450610697962,271646.25305348984
64,Erkek,89492,2394.2945366368353,280625.4726831842
41,Kadin,60951,2540.6600547238104,195738.30027361904
50,Kadin,82664,1613.4813883960053,256259.40694198004
37,Erkek,56680,4562.019018870914,192974.09509435456
26,Erkek,75775,4729.773667764539,251075.86833882268
25,Kadin,24223,4996.832000752176,97803.16000376089
41,Erkek,37018,1948.8322527274145,120930.16126363707
31,Erkek,82851,1287.0076099026467,255100.03804951324
35,Kadin,45661,1593.4942930315,145120.4714651575
18,Erkek,81653,4283.462598675013,266462.31299337506
29,Erkek,52898,4718.712721202261,182395.5636060113
46,Kadin,50391,2423.5923066266023,163482.961533133
54,Kadin,22448,4849.984683894959,91801.9234194748
43,Kadin,13436,4187.806371556124,61433.03185778062
50,Erkek,99383,2413.9708716584555,310368.8543582923
60,Erkek,56462,4403.811660887328,191575.05830443665
32,Kadin,46980,3564.0227993959943,158924.11399697996
40,Kadin,69364,2785.9343311927887,222201.67165596393
46,Erkek,89850,2807.70233289882,283730.5116644941
38,Kadin,88772,4848.479070551624,290734.3953527581
36,Kadin,32746,2172.091345867304,109270.45672933653
22,Kadin,87800,3678.779327176501,281937.8966358825
40,Kadin,69600,4216.840743035243,230064.2037151762
53,Kadin,68158,2541.5338095297566,217387.6690476488
37,Erkek,82928,2857.160052260459,263193.80026130227
25,Erkek,45422,3569.0854786307186,154211.4273931536
26,Kadin,63015,3351.124904920655,205952.62452460328
31,Kadin,30111,3932.9034875687817,110159.51743784391
23,Erkek,63420,4422.586085738982,212468.9304286949
18,Erkek,57699,3166.973272657847,189017.86636328924
26,Erkek,80775,4837.67837027884,266615.3918513942
33,Erkek,27975,2124.542361527844,94663.71180763922
33,Kadin,23666,1267.0271946069702,77499.13597303485
29,Kadin,21675,2537.414929161181,77870.0746458059
22,Kadin,16445,4856.371771285664,73760.85885642833
57,Kadin,23649,4055.7334580771408,91439.6672903857
46,Kadin,13799,1787.5679595114725,50526.83979755736
63,Kadin,74923,4918.822548212223,249589.1127410611
44,Erkek,10432,3809.669361011861,50482.34680505931
28,Kadin,69351,4196.943704279542,229193.7185213977
64,Kadin,97429,1215.4764167503913,298592.38208375196
45,Kadin,34953,3890.6296612701562,124502.14830635078
53,Kadin,63479,2934.505223128017,205315.5261156401
59,Erkek,39409,4179.705270633512,139293.52635316754
36,Erkek,23282,3864.230849238598,89289.154246193
52,Erkek,60972,1705.6750456543978,191598.375228272
48,Erkek,37892,4674.880193838984,137196.40096919492
61,Kadin,58193,3310.825851406745,191355.12925703372
36,Kadin,28500,2542.9044418418894,98386.52220920945
63,Erkek,81420,1910.8255886935826,253990.1279434679
41,Erkek,10370,4134.1567808890295,51912.78390444515
19,Erkek,49841,4882.809563110299,174025.0478155515
24,Erkek,89222,3942.0814945495986,287474.407472748
60,Kadin,31603,3439.454460761972,112226.27230380986
48,Kadin,50921,4801.34483945007,176965.72419725035
34,Erkek,89809,3846.286400595515,288776.4320029776
44,Kadin,60787,2825.890591363662,196678.4529568183
53,Erkek,69463,2286.6153657751893,219978.07682887596
60,Erkek,37137,1754.8214649667261,120355.10732483363
27,Erkek,59281,4494.72300095309,200420.61500476545
62,Kadin,47063,3891.5568780328213,160870.7843901641
31,Erkek,21929,4912.315654310855,90460.57827155427
24,Kadin,52084,1300.8135229814889,162904.06761490746
56,Kadin,29021,2258.8962332131573,98569.48116606579
57,Kadin,50556,2625.85016817246,165011.2508408623
26,Kadin,46018,4850.169406367302,162456.8470318365
31,Erkek,11435,3363.1463353537356,51232.73167676868
25,Kadin,79728,3720.3351361960817,257935.6756809804
34,Kadin,60731,2083.4494747022854,192778.24737351143
40,Erkek,79395,2029.9532261023842,248464.7661305119
33,Erkek,98418,2371.0868650722214,307225.4343253611
43,Erkek,93245,1335.9877891126293,286550.93894556316
26,Kadin,83828,4758.062372405387,275426.3118620269
53,Kadin,96352,2620.644236256836,302365.22118128417
24,Erkek,71552,1802.0064696045724,223764.03234802285
35,Kadin,64137,2375.256141493516,204457.28070746758
25,Kadin,66235,1783.1561507493952,207770.78075374698
38,Erkek,58579,2023.3571133442979,185979.7855667215
43,Kadin,57624,4030.3838676931705,193209.91933846584
20,Erkek,16720,1952.0881809233556,60010.44090461678
34,Erkek,75908,3795.373725302463,246818.86862651233
63,Erkek,71332,3373.46207789878,231039.3103894939
41,Kadin,78704,1580.3315764335516,244195.65788216775
42,Kadin,93426,4054.834452591098,300736.1722629555
22,Kadin,39547,4411.489978537792,140842.44989268895
54,Kadin,22629,4823.9498323452935,92214.74916172647
62,Erkek,16424,4835.997397690668,73625.98698845334
41,Erkek,51986,3825.4831899582477,175217.41594979123
48,Kadin,98573,2165.3781560352245,306741.89078017615
43,Erkek,59526,1151.6466731124938,184472.23336556248
38,Erkek,23151,2560.921676333228,82383.60838166614
51,Kadin,79697,3932.5064334423937,258955.53216721196
55,Kadin,78048,4762.554451975627,258166.77225987814
41,Erkek,65666,1454.161449634213,204400.80724817107
45,Kadin,58661,3168.9677609187606,192017.8388045938
47,Erkek,32383,2899.094871346675,111788.47435673338
51,Kadin,84529,1182.913217329629,259703.56608664815
40,Erkek,31634,3602.709680511156,113045.54840255578
25,Erkek,70136,4490.318770568774,232959.59385284386
59,Kadin,30855,2847.4104265722312,107020.05213286115
27,Erkek,13983,3093.062890307693,57518.31445153846
18,Erkek,47703,1711.1594762344548,151750.79738117228
37,Kadin,49709,1484.4739586589176,156723.36979329458
54,Kadin,29169,3455.391373616977,104991.95686808489
35,Kadin,24640,3865.6404994430063,93418.20249721504
38,Kadin,76481,2150.013491527362,240369.06745763682
21,Erkek,10848,2997.8020261093943,47625.01013054697
60,Erkek,38856,4832.237551723394,140899.187758617
19,Erkek,17640,1133.2941708046346,58674.47085402317
38,Erkek,23189,1943.2536658805368,79409.26832940268
54,Erkek,64522,1412.2130147068929,200785.06507353447
22,Kadin,62330,4287.969730282281,208573.84865141142
34,Erkek,66593,4968.973818369207,224741.86909184605
28,Erkek,77629,1638.916026536153,241187.58013268077
63,Kadin,62246,4007.6036123228014,207002.018061614
58,Erkek,72689,2149.515899552057,228980.57949776028
48,Kadin,99702,2314.978604480124,310876.8930224006
45,Kadin,71065,4719.392377895641,236981.9618894782
61,Kadin,74261,3850.0925488111075,242255.46274405555
49,Erkek,36794,4248.2980143495515,131771.49007174774
38,Kadin,27143,2819.045750364445,95700.22875182223
24,Kadin,96416,2309.0507132406974,300941.25356620346
27,Kadin,15785,1553.2269853166881,55275.13492658344
45,Erkek,48030,3501.512719019097,161737.56359509547
53,Erkek,76413,3719.3402946264528,247991.70147313227
37,Kadin,83533,4721.58971636934,274380.9485818467
30,Kadin,38853,1500.615752532818,124222.0787626641
36,Erkek,75617,3948.2417846054423,246714.2089230272
28,Erkek,70957,3186.1600652790885,228907.80032639543
52,Erkek,22316,2829.320427080449,81248.60213540224
51,Erkek,22772,4011.6735197387,88526.3675986935
61,Erkek,30978,3429.1020609326006,110251.51030466301
21,Kadin,79810,1411.017774784185,246627.08887392093
30,Kadin,13670,2676.625593002484,54553.12796501242
54,Erkek,81861,4982.680774543547,270654.40387271775
19,Kadin,86731,4070.220896353308,280682.1044817665
18,Erkek,15947,4050.3215127090716,68178.60756354536
57,Erkek,69379,4688.824542562655,231745.12271281326
42,Kadin,89280,3917.5418728763716,287611.70936438185
54,Erkek,96648,4391.938760238167,312061.6938011908
53,Erkek,43848,2604.3336562845443,144721.66828142272
23,Kadin,30929,2600.578635814799,105935.89317907399
24,Erkek,44664,4828.127301699214,158230.63650849607
21,Kadin,42647,4029.974560541621,148232.8728027081
52,Erkek,74453,2885.2618117002003,237939.309058501
58,Kadin,53151,2958.3865213725994,174460.932606863
51,Kadin,45817,1066.3630098344238,142984.81504917212
46,Kadin,86084,1918.9343559685276,268038.67177984264
22,Erkek,49200,2885.2087523897,162120.0437619485
44,Kadin,78514,2175.1949578103377,246605.9747890517
50,Kadin,32579,4927.264343855821,122573.3217192791
63,Kadin,80848,1462.0888812683272,250080.44440634164
27,Erkek,28586,3022.231987964481,100973.1599398224
23,Erkek,36068,1039.6503960114335,113498.25198005716
51,Kadin,41098,2090.073549067757,133946.3677453388
25,Kadin,82536,1897.7234698289526,257246.61734914477
48,Erkek,77857,3420.357300772975,250818.78650386486
26,Erkek,85716,4548.87578243721,279994.378912186
38,Erkek,77896,3265.773988771979,250142.8699438599
25,Erkek,20400,3576.4101785977855,79182.05089298892
21,Kadin,23553,2119.6935284674537,81399.46764233727
39,Erkek,75873,2235.465955187062,238924.3297759353
45,Erkek,27124,2996.020971158402,96492.10485579201
62,Erkek,69742,3274.238653901986,225771.19326950994
21,Erkek,71804,3185.315682662393,231430.57841331197
56,Erkek,46016,2040.1853862815917,148410.92693140797
38,Kadin,10739,1583.8935618286603,40312.4678091433
25,Erkek,23728,2473.489455888962,83651.44727944481
37,Kadin,48158,4136.477926010899,165330.3896300545
49,Kadin,96589,3384.5320789507514,306887.66039475374
18,Erkek,84140,1727.4921591940995,261143.4607959705
23,Kadin,14267,1932.870959889874,52611.35479944937
45,Erkek,88945,4616.768909568822,290058.8445478441
61,Kadin,92098,2584.751389580733,289439.75694790366
48,Erkek,70206,4414.803580241926,232838.01790120962
27,Erkek,69500,4909.8843898380765,233153.42194919038
37,Erkek,32344,2431.469197002315,109313.34598501158
25,Erkek,28853,1051.6707310558986,91917.3536552795
39,Erkek,53010,3911.155002368064,178713.77501184033
55,Kadin,18977,2941.7525413382427,71849.76270669121
46,Kadin,30623,4549.687265204642,114809.43632602322
26,Kadin,92627,1676.9163615476077,286417.58180773805
61,Kadin,19557,1972.9902008504796,68757.95100425239
64,Erkek,39426,2886.566943072717,132888.8347153636
18,Erkek,29549,1543.1031600732474,96448.51580036624
58,Erkek,89717,2441.3359936323322,281523.6799681617
56,Erkek,58248,1062.254898923759,180217.2744946188
43,Erkek,24998,4207.1217231412365,96165.60861570618
28,Kadin,15330,1402.8163263287663,53160.08163164383
52,Erkek,34071,3383.4317745848416,119284.1588729242
41,Kadin,85953,2048.9252520951513,268285.6262604758
50,Kadin,31530,1120.0598850202157,100390.29942510108
37,Kadin,72200,1438.7806115412918,223967.90305770646
44,Kadin,67988,3796.860671495872,223136.30335747937
32,Erkek,25469,4564.249257419062,99342.2462870953
50,Erkek,72490,1218.710997027696,223713.55498513847
24,Kadin,42444,2125.746576853988,138108.73288426994
51,Kadin,53251,2593.7268242957325,172923.63412147865
62,Erkek,95615,4914.730486100092,311592.6524305005
63,Kadin,32099,2770.671790273239,110376.35895136619
59,Kadin,90462,4299.443506114091,293101.21753057046
22,Erkek,14754,2124.4795042677383,54978.39752133869
47,Kadin,54153,2872.6788301098713,177016.39415054937
45,Kadin,61808,4303.446561262323,207131.23280631163
35,Kadin,86123,4074.768358775698,278912.84179387847
53,Kadin,37428,1954.2641028906714,122261.32051445336
20,Kadin,74870,2010.869951102357,234804.3497555118
38,Erkek,74916,3193.891940529536,240843.45970264767
63,Erkek,15612,4752.060019190725,70772.30009595363
33,Erkek,60834,1479.7117519039382,190016.55875951968
54,Erkek,39233,4088.2479521297378,138298.2397606487
59,Erkek,98687,3950.4021792488475,315981.01089624426
22,Erkek,73719,4403.102588930586,243266.51294465293
31,Kadin,21106,4556.801471016146,86264.00735508073
48,Erkek,34391,4533.70182683882,125987.5091341941
63,Erkek,46560,4603.663594412828,162874.31797206413
41,Erkek,85841,4922.819360640802,282269.09680320404
52,Erkek,94056,2329.7181631085823,293970.5908155429
53,Erkek,57376,4716.045314706493,195864.22657353245
27,Erkek,16445,4790.24124592368,73390.2062296184
44,Erkek,65679,3592.7291141179307,215138.64557058967
44,Kadin,42933,3658.3629762851306,147278.81488142564
40,Erkek,92354,2434.234218584613,289363.1710929231
30,Erkek,43996,3981.2157030297694,152004.07851514884
33,Erkek,84756,3410.243782140932,271435.21891070466
52,Erkek,31427,4145.27590872261,115161.37954361306
44,Kadin,74552,1614.0544230199514,231914.27211509977
56,Kadin,38558,4258.370633947278,137177.8531697364
64,Kadin,54273,3893.5264740317725,182514.63237015886
34,Erkek,90266,3183.7812237916905,286834.90611895843
58,Erkek,83115,2038.8660558036386,259705.3302790182
18,Erkek,46174,1390.6968199092726,145561.48409954636
28,Erkek,14966,2939.3332676266627,59700.66633813331
29,Erkek,48285,1578.4862362981542,152855.43118149077
31,Erkek,96742,4047.092668672076,310573.4633433604
25,Erkek,49965,4698.23573270132,173486.1786635066
48,Kadin,84702,4281.285214099238,275708.4260704962
24,Kadin,33722,2321.8356378790536,112923.17818939527
63,Kadin,27611,1584.017394545966,90979.08697272983
48,Kadin,33771,1031.653013158392,106667.26506579196
33,Erkek,17278,3654.6325273474426,70223.16263673721
59,Kadin,46535,1750.4483168432068,148575.24158421604
56,Kadin,25101,3866.2172966592448,94846.08648329623
61,Kadin,60306,3301.7312579988397,197648.6562899942
36,Kadin,99753,2880.069931785177,313831.3496589259
25,Kadin,93584,4070.1569664772705,301252.78483238636
46,Erkek,29807,4924.264891761444,114184.32445880721
19,Kadin,75720,1514.3765797238866,234869.88289861943
59,Kadin,50046,3202.0747522922807,166366.3737614614
20,Kadin,54742,2252.891541260914,175630.45770630456
46,Kadin,80610,1111.8215209177756,247581.10760458888
32,Erkek,41318,1117.3850676779905,129654.92533838995
55,Erkek,42511,3310.488018359123,144245.4400917956
45,Erkek,88587,1331.6617728146448,272559.30886407325
54,Kadin,61917,1175.7130491293397,191837.5652456467
49,Kadin,16462,1691.5141349148962,58041.57067457448
47,Kadin,63203,2839.4587206556444,204000.29360327823
64,Erkek,57263,3003.070637917612,186982.35318958806
47,Erkek,14983,4661.066078958165,68398.33039479083
51,Erkek,83628,2678.6767370566668,264429.38368528336
30,Erkek,69707,1431.1152563527353,216386.57628176367
50,Kadin,72968,1923.6636978986649,228722.31848949334
59,Erkek,39011,4781.634744916733,141109.17372458367
34,Erkek,52344,3380.6081527481842,174053.04076374092
20,Kadin,99689,2421.3704646120514,311313.8523230603
26,Erkek,87807,4570.846071678725,286377.23035839363
28,Erkek,13869,2202.2968245527345,52724.48412276367
44,Erkek,74284,4524.3788004148155,245611.89400207408
45,Erkek,35652,1484.534930510228,114518.67465255114
19,Erkek,74810,4752.917428917853,248282.58714458926
18,Erkek,46564,4750.7454297442455,163531.72714872123
23,Kadin,15393,2381.0793966752035,58230.39698337602
42,Kadin,54711,1070.195040831893,169667.97520415948
52,Kadin,44274,2412.1657369008963,145086.8286845045
33,Kadin,25920,1723.2440609387822,86542.22030469391
21,Kadin,90086,2064.268405774934,280721.3420288747
64,Kadin,17213,3502.7315090765715,69380.65754538286
55,Kadin,43914,2772.392742579683,145813.9637128984
61,Erkek,72998,3945.250768477473,238892.25384238735
37,Erkek,38903,3548.148153875054,134573.74076937526
42,Erkek,32014,2202.228822119432,107187.14411059716
24,Erkek,25708,2295.5061541282466,88699.53077064123
38,Erkek,27729,4192.585626605779,104275.9281330289
24,Erkek,11365,3128.6521928894153,49836.26096444708
46,Erkek,73298,1509.5223711977228,227583.61185598862
24,Kadin,89392,3346.8924681278854,285058.46234063944
20,Erkek,94402,1551.9157549644974,291055.57877482247
46,Kadin,66227,4474.832660447928,221247.16330223964
46,Erkek,36613,1517.0807797255156,117566.40389862758
56,Kadin,28583,3677.6324795654878,104349.16239782744
55,Erkek,26371,4587.241486656839,102209.2074332842
23,Kadin,12170,1392.494101803682,43618.470509018414
63,Erkek,61282,3120.9287196604037,199626.643598302
27,Kadin,47990,4832.363494740656,168285.8174737033
54,Erkek,92009,2111.7711152478337,286743.8555762392
31,Erkek,68094,2124.2717597907936,215015.35879895397
39,Erkek,13185,2880.209600652754,54084.04800326377
49,Kadin,18347,4790.813174901117,79193.06587450558
35,Erkek,45081,4204.054768633787,156383.27384316892
53,Erkek,87939,2084.7425300371456,274396.71265018574
63,Kadin,77409,1926.341425396544,242084.7071269827
26,Kadin,22683,1794.4670003377898,77173.33500168895
43,Kadin,31568,2718.9019984714228,108484.50999235711
39,Erkek,45063,4231.622712419688,156475.11356209844
63,Kadin,29961,1609.2088238745378,98155.04411937269
55,Erkek,27700,3468.238717055386,100601.19358527692
40,Kadin,18211,2889.161545158235,69258.80772579118
34,Kadin,95701,3585.283239548911,305197.41619774455
43,Kadin,91598,2613.9407927094644,288049.7039635473
64,Kadin,41940,4039.2888447523537,146244.44422376176
55,Erkek,64441,2284.030109447396,204903.150547237
19,Kadin,29088,3888.6695731837103,106845.34786591855
23,Erkek,91541,4838.633521350974,298912.16760675487
24,Erkek,36720,3316.967005548914,126842.83502774457
30,Kadin,39827,3538.2426715012607,137332.21335750632
44,Kadin,27800,3099.204799034318,99084.02399517159
28,Kadin,64078,2943.801507900291,207109.00753950144
32,Erkek,11193,1674.1872780938709,42063.93639046935
26,Erkek,52826,3750.1958302537682,177330.97915126884
25,Kadin,67446,3424.6874552499476,219611.43727624975
63,Kadin,19820,3211.54304192732,75743.7152096366
23,Kadin,58223,2225.707914787359,185943.53957393678
60,Erkek,76443,2577.965632280375,242388.82816140188
21,Kadin,55639,2732.7754233818605,180722.8771169093
28,Kadin,90759,3629.9403851848565,290582.7019259243
45,Erkek,43865,3903.574507034235,151252.87253517116
43,Kadin,61032,2251.813828440513,194541.06914220256
21,Erkek,45560,3458.945986146493,154066.72993073246
32,Kadin,68593,2481.4970747664374,218350.4853738322
36,Kadin,71243,2940.8466922120206,228605.2334610601
23,Erkek,96734,1327.6700007060103,296936.35000353004
22,Kadin,57085,3314.7104974487142,187972.55248724358
35,Erkek,54559,4585.768476913023,186725.8423845651
23,Kadin,84756,4813.621386013393,278482.10693006695
48,Erkek,73382,2338.5405246813834,231984.70262340692
42,Erkek,11716,1680.504402524345,43684.522012621725
21,Kadin,57170,4906.562383725571,196184.81191862785
23,Erkek,95831,4186.820007784879,308523.10003892437
58,Kadin,17533,2172.7058087296655,63678.52904364833
54,Kadin,36952,1017.9601758920259,116153.80087946013
42,Kadin,18527,2056.8170568966907,66049.08528448346
51,Kadin,24809,4819.781067658736,98727.90533829368
36,Erkek,84969,2897.0671719643697,269514.3358598219
51,Kadin,31395,2177.256055510609,105273.28027755304
32,Kadin,50766,2369.570863426843,164309.85431713422
25,Kadin,18989,1916.7873398776737,66700.93669938837
61,Erkek,21133,3261.217623241943,79877.08811620972
64,Erkek,32627,1868.668256528968,107402.34128264483
51,Kadin,42282,3783.5662108579318,145965.83105428965
35,Kadin,21111,2891.052451210796,77958.26225605397
47,Kadin,39951,1636.0392296375826,128227.19614818791
30,Kadin,17752,4953.625366319282,78184.12683159641
64,Kadin,92175,2590.919052478966,289707.5952623948
50,Erkek,99955,2557.7586700288102,312803.79335014406
52,Erkek,49538,2771.4137954515286,162625.06897725764
41,Kadin,75198,1870.2843911798439,235127.42195589922
43,Kadin,68890,4851.30923411105,231112.54617055526
64,Erkek,26074,2697.9962205533893,91889.98110276695
61,Erkek,41231,3344.6535749089553,140588.26787454478
59,Erkek,97391,2356.8832735465767,304125.41636773286
64,Kadin,39659,2922.2307742282137,133816.15387114108
18,Erkek,11677,4616.361687270019,58198.8084363501
30,Kadin,31454,1670.454065374906,102874.27032687452
27,Kadin,81685,4173.606348052933,266077.0317402647
36,Kadin,34983,2848.545623150937,119363.72811575468
22,Erkek,81271,2027.764740683234,254045.82370341616
25,Kadin,25409,3745.8790397375506,95106.39519868775
21,Erkek,60533,1977.330300116635,191577.65150058316
30,Erkek,28293,1613.4977903891245,93056.48895194562
55,Erkek,66248,2320.6245917631622,210507.1229588158
63,Erkek,74939,2171.5317204503544,235850.6586022518
63,Erkek,79784,3921.4790548293013,259135.39527414652
36,Kadin,95329,4064.018969382924,306479.09484691464
25,Erkek,72997,1423.3272905301058,226207.63645265053
44,Kadin,98030,4071.520618049276,314635.6030902464
64,Kadin,55119,2026.2735827549664,175716.36791377483
47,Kadin,64617,1906.224835895468,203576.12417947734
21,Kadin,99381,3823.0094549821365,317400.04727491067
28,Kadin,94913,4495.009236733085,307370.0461836654
38,Kadin,97208,3428.9661971413966,308944.830985707
60,Erkek,80129,4756.522020265838,264339.61010132916
19,Kadin,86138,3661.705723882434,276860.52861941216
38,Erkek,66543,4418.5818690707165,221847.90934535358
34,Erkek,85040,3082.4887605918743,270650.44380295934
60,Erkek,49105,4542.8824860183595,170199.4124300918
46,Erkek,15241,1460.591792020688,53167.95896010344
44,Erkek,92293,2545.604163304336,289745.02081652166
41,Kadin,10833,2157.6418745139536,43469.20937256976
20,Kadin,65332,1596.9433883016427,204120.7169415082
56,Erkek,24074,1597.6556791436071,80372.27839571804
27,Erkek,12073,2771.4571790527216,50180.28589526361
20,Erkek,87772,2769.742133995449,277254.71066997724
62,Erkek,81752,4642.846985307462,268644.2349265373
59,Kadin,57628,4764.3611690988655,196923.80584549432
43,Erkek,40403,1076.3063862407844,126726.53193120392
54,Erkek,32922,2036.5388993724926,109106.69449686246
44,Erkek,98583,1033.7845567311442,301055.9227836557
22,Kadin,27332,4525.6505011269455,104768.25250563474
59,Erkek,25452,3128.4407918825323,92166.20395941267
28,Kadin,28888,1644.538242138563,95042.6912106928
30,Erkek,48115,4321.892407965626,166064.46203982813
58,Kadin,45025,1286.9653050178788,141725.8265250894
51,Erkek,76711,4414.4992976975245,252357.49648848764
55,Kadin,97669,1064.6352646118485,298540.17632305925
57,Erkek,60357,2819.5614138630867,195332.80706931543
50,Erkek,96540,2415.8672942646194,301849.3364713231
51,Kadin,75031,3595.994653051388,243274.97326525694
44,Kadin,97471,3200.8640699030116,308605.32034951507
53,Erkek,20350,2415.2249231190513,73282.12461559525
43,Erkek,75374,4944.234599494891,250979.17299747447
42,Erkek,48547,2717.37518205145,159361.87591025725
36,Kadin,44026,2938.7838405222274,146943.91920261114
38,Kadin,44669,3515.241836265172,151759.20918132586
48,Kadin,15042,1396.6426077344067,52305.21303867203
46,Kadin,91473,4525.681855585366,297239.40927792684
26,Erkek,59746,3264.010479727408,195660.05239863705
36,Kadin,93406,3702.7568505318814,298903.7842526594
43,Kadin,73483,4690.558606244707,244087.79303122353
42,Erkek,39785,3569.36402290423,137335.82011452114
57,Kadin,42869,1286.9380588618365,135255.69029430917
60,Erkek,37000,1334.3141467631062,117841.57073381553
46,Kadin,63432,3272.925065190959,206852.62532595478
42,Erkek,24920,1466.6608661629828,82227.30433081492
36,Erkek,53042,1171.5379279352649,165105.68963967633
21,Erkek,60138,2534.647949318334,193179.23974659166
62,Erkek,51483,4912.449686647069,179185.24843323533
37,Erkek,94588,3198.840995489023,299882.20497744513
63,Erkek,20600,4539.247574471767,84672.23787235883
18,Kadin,49332,2811.4223185413407,162189.1115927067
28,Erkek,30350,4722.621828229616,114769.10914114807
21,Erkek,62401,1119.6581787021628,192893.2908935108
24,Kadin,30428,3877.8004441429,110821.0022207145
45,Kadin,48704,4821.431553614557,170409.1577680728
53,Kadin,96602,2878.2669284374047,304403.334642187
24,Kadin,90477,2015.4201880697267,281656.10094034864
37,Kadin,55770,3606.0168893452383,185514.0844467262
52,Erkek,45569,2527.8963314786793,149500.4816573934
56,Kadin,17463,2354.1690801940213,64371.84540097011
38,Erkek,68114,2429.551470702141,216615.7573535107
61,Erkek,15103,2646.6776853680713,58714.388426840356
18,Kadin,42843,2803.580796695594,142682.90398347797
54,Erkek,11966,1666.8186681450932,44390.09334072546
63,Erkek,14090,3705.0950340581107,60971.47517029055
59,Kadin,46483,4360.792362244914,161470.96181122458
20,Erkek,61472,3937.168312531559,204191.8415626578
51,Kadin,25679,2678.3410760245133,90630.70538012257
30,Kadin,25168,1664.5454999049443,83986.72749952471
33,Kadin,79414,3847.2768499814897,257644.38424990745
51,Kadin,79892,1210.636853165064,245931.18426582532
41,Erkek,90387,3007.78549292769,286331.92746463843
30,Erkek,63841,4799.184138370466,215628.92069185234
23,Kadin,78752,2405.982224760069,248431.91112380035
56,Erkek,77966,3934.6959408775156,253733.47970438757
19,Kadin,74327,4738.8263219618875,246813.13160980944
28,Erkek,51624,1464.683016943685,162301.41508471844
24,Erkek,34726,3436.6032681899806,121459.01634094991
24,Kadin,30028,3252.595482854151,106494.97741427076
56,Kadin,52203,2974.3312385186146,171692.65619259307
56,Erkek,15000,3044.215598444984,60383.07799222492
29,Erkek,40425,2595.1504384876607,134358.7521924383
39,Erkek,49206,1542.7713930399905,155459.85696519996
20,Erkek,77124,1840.4833138989397,240664.4165694947
30,Kadin,61544,1225.4861465110444,190919.43073255522
47,Erkek,58447,4324.4170470763365,197107.08523538167
27,Erkek,86693,1060.8212457012055,265487.106228506
26,Erkek,61615,1908.742321562238,194490.7116078112
23,Kadin,18947,4369.840847712654,78836.20423856327
61,Kadin,41397,4664.09347853388,147733.4673926694
19,Erkek,95654,2293.9123139692065,298519.561569846
61,Erkek,71052,3731.021404443346,231983.10702221672
33,Kadin,35898,1105.9730480501803,113389.8652402509
30,Erkek,65483,4754.685560988824,220332.4278049441
30,Erkek,86511,1847.025591408135,268878.1279570407
39,Erkek,98009,1600.3653638350497,302156.8268191753
36,Kadin,26243,1366.9445835395204,85735.7229176976
43,Erkek,89283,3675.523494424216,286362.6174721211
31,Erkek,38439,2328.9492626512533,127073.74631325627
48,Erkek,90979,3107.5746935129887,288620.87346756493
46,Kadin,32297,4930.9731301129395,121737.8656505647
62,Kadin,97865,1500.3350669981046,301320.67533499055
59,Erkek,66517,3277.0649641591754,216104.32482079588
39,Erkek,59453,2165.524814614425,189314.62407307213
24,Erkek,11339,3242.481579968067,50327.407899840335
54,Erkek,93884,4478.868830265865,304204.3441513293
58,Erkek,93098,3693.597542954131,297927.98771477066
44,Kadin,46472,4763.882802303244,163423.41401151623
48,Kadin,74427,3973.249195191136,243343.24597595568
23,Erkek,34992,3041.1480703698517,120277.74035184926
33,Kadin,15774,1554.908098971763,55262.54049485881
55,Erkek,95319,1415.0413916741957,293192.206958371
55,Kadin,28109,2278.4601821002425,95929.30091050122
49,Kadin,43281,2422.7422354503365,142154.71117725168
50,Erkek,46342,4282.900560272492,160590.50280136245
34,Kadin,90303,3014.3909821689685,286148.95491084486
50,Kadin,83084,3083.297088421151,264868.48544210574
28,Kadin,33723,4988.718434633667,126268.59217316833
30,Kadin,94442,3535.8235673043355,301165.1178365217
47,Erkek,27610,3332.567626343527,99636.83813171764
18,Kadin,32613,4313.067748299034,119540.33874149517
47,Erkek,38327,1608.2102584351742,123166.05129217586
44,Erkek,83195,4443.319176628624,271939.59588314313
57,Kadin,79888,2062.834159492473,250192.17079746237
40,Erkek,62410,2166.7795724899997,198193.89786245
37,Erkek,37660,3708.603566220897,131647.0178311045
23,Erkek,90683,1484.645827559297,279568.2291377965
54,Erkek,15046,1717.7318516099244,53884.65925804962
37,Erkek,84518,4880.431478761869,278080.15739380935
54,Kadin,57903,3507.306747340131,191453.53373670066
23,Erkek,88196,2015.8875906168296,274763.4379530841
46,Erkek,71226,4598.98695189999,236814.93475949994
30,Kadin,78932,2398.231103069231,248947.15551534615
44,Kadin,46730,1618.8932757414304,148472.46637870715
37,Kadin,18913,4921.288136148662,81519.44068074331
30,Kadin,86016,1463.3973071752978,265524.98653587647
56,Kadin,91263,3291.9830280483966,290460.91514024197
25,Erkek,34838,4000.29844327233,124615.49221636166
34,Erkek,79040,4725.570360012922,260865.8518000646
47,Erkek,73160,1440.1240001922124,226824.62000096106
18,Erkek,12441,3111.220915501744,52965.10457750872
41,Erkek,69202,1530.0693275443614,215388.3466377218
33,Erkek,11188,4088.189398077422,54120.94699038711
28,Kadin,64772,1817.1695740367477,203557.84787018373
21,Kadin,25424,1906.8210508531392,85948.1052542657
21,Kadin,92890,4993.776177749043,303780.8808887452
34,Erkek,39837,4380.761742590786,141532.80871295393
27,Erkek,41979,3602.1519097444957,144051.75954872248
38,Kadin,68882,3562.071267507678,224632.3563375384
55,Kadin,78005,3392.264409713674,251186.32204856837
35,Kadin,99031,4808.423055241856,321305.11527620925
27,Erkek,44526,4434.999642574861,155856.9982128743
62,Kadin,46817,3442.887787050156,157889.43893525077
33,Kadin,68883,1546.5158549289822,214547.5792746449
56,Kadin,26495,2475.043388991912,92072.21694495955
32,Kadin,89842,4846.217242011055,293921.0862100553
51,Erkek,82528,1486.1529305389279,255166.76465269463
22,Kadin,77315,1396.6538056911984,239072.26902845598
34,Kadin,80226,1123.849737460318,246465.2486873016
54,Kadin,96834,3489.939497042398,308159.697485212
25,Kadin,61133,2260.7625782014948,194852.81289100746
41,Kadin,78074,4610.90554604048,257458.5277302024
45,Erkek,72418,4884.618977911211,241817.09488955606
64,Erkek,87852,2058.6243044844496,274027.12152242224
25,Erkek,44595,4465.812370491046,156214.06185245523
40,Kadin,54826,2458.7183681621927,176951.59184081096
52,Kadin,78977,2014.4295162600251,247207.14758130012
48,Kadin,15479,3387.5512146867036,63570.75607343351
34,Kadin,15674,4650.682483785229,70443.41241892615
45,Erkek,71230,1540.4403889355053,221532.20194467754
29,Erkek,67515,2002.9673095386738,212667.83654769335
41,Kadin,84835,1148.1783471595736,260427.89173579786
32,Erkek,63310,2208.9122894618104,201088.56144730904
57,Kadin,54234,3848.8332561000016,182160.1662805
48,Erkek,65945,1410.9371998612926,205035.68599930647
44,Kadin,93163,2196.665975824384,290660.3298791219
52,Kadin,80371,3211.861298706983,257376.3064935349
35,Erkek,29296,4164.514426156536,108830.57213078268
53,Erkek,87555,4956.821094677436,287605.1054733872
25,Erkek,78990,2704.693015868269,250593.46507934135
63,Erkek,71153,3087.1282627928613,229070.6413139643
55,Kadin,13901,4491.686154380708,64371.43077190354
22,Erkek,42236,2874.317393142746,141173.58696571374
31,Kadin,96891,1855.4427366770753,300112.2136833854
55,Erkek,69747,4557.881136210846,232190.40568105422
37,Kadin,17831,3917.4388902197775,73254.19445109888
61,Kadin,33805,2507.769766247644,114175.84883123823
26,Erkek,78328,2950.5002425217654,249838.50121260883
50,Kadin,75815,1807.352533644774,236681.76266822388
35,Kadin,84874,1181.7825694877079,260700.91284743854
23,Erkek,87353,2293.1621105698323,273620.81055284914
54,Kadin,23116,3536.3365800885967,87237.68290044297
19,Kadin,76351,2130.880972572907,239845.40486286453
47,Kadin,52639,4941.059828460752,182816.29914230376
23,Kadin,72500,1405.2726845167776,224672.36342258388
34,Kadin,81617,3580.1855879419613,262919.9279397098
56,Erkek,85749,3184.7958699853434,273332.9793499267
58,Erkek,27194,1012.8055940368741,86812.02797018437
40,Kadin,34318,4361.53868670669,124941.69343353345
48,Erkek,42723,2629.8739315584858,141464.36965779244
37,Erkek,14829,3056.936716625199,59895.683583125996
22,Erkek,45907,3901.4738196094067,157322.36909804703
38,Kadin,79919,3893.4944828535936,259400.47241426798
60,Kadin,12845,4189.045079544325,59700.225397721624
28,Erkek,81696,1457.3639918490899,252480.81995924545
21,Kadin,36563,4861.533891192454,134138.66945596226
40,Erkek,41002,4480.746337699455,145539.73168849727
55,Erkek,30477,4540.52782514118,114293.6391257059
47,Erkek,30713,3604.5434147599653,110305.71707379982
59,Erkek,54517,2157.491027921214,174506.45513960609
58,Kadin,30747,3816.216627580267,111538.08313790134
35,Erkek,13409,4092.9641337224966,60811.82066861248
58,Erkek,21063,1916.9847469122228,72939.92373456112
60,Erkek,19515,4421.165380030594,80820.82690015297
48,Erkek,49235,2962.4740002361623,162663.3700011808
47,Kadin,22820,1931.2971696725474,78310.48584836273
51,Kadin,55531,4865.656796783707,191123.28398391855
48,Erkek,10511,4690.368855544113,55130.844277720564
64,Kadin,14366,3866.1496787477463,62656.74839373873
55,Kadin,26654,3161.662972998111,95980.31486499055
42,Kadin,36704,2468.3827934491505,122637.91396724575
34,Kadin,58611,4529.085689582207,198646.42844791105
53,Kadin,75983,4093.9140119440654,248624.5700597203
57,Kadin,47237,4068.940600796828,162269.70300398415
47,Erkek,74667,3027.354998226737,239281.7749911337
19,Kadin,50294,1163.8037849679934,156839.01892483997
41,Kadin,54759,3232.8037849348807,180623.0189246744
26,Erkek,45351,4391.767512451139,158113.83756225568
18,Erkek,12881,3029.020488791107,53874.10244395553
41,Kadin,78373,3967.6268892741173,255139.1344463706
55,Erkek,71881,2891.0349666438146,230258.17483321906
44,Kadin,61780,3238.858286198353,201722.29143099175
43,Kadin,99901,1184.5581511192456,305811.79075559624
43,Erkek,31272,2241.520404814153,105159.60202407077
24,Kadin,53350,4592.743255790735,183161.71627895368
42,Kadin,24609,2235.0058049490613,85186.02902474531
33,Erkek,95940,2814.2467190321963,302007.233595161
55,Erkek,31729,3278.7082331682673,111740.54116584134
59,Kadin,21858,4061.852778966539,86101.2638948327
35,Erkek,65050,1992.5268203468902,205232.63410173444
34,Erkek,44333,1290.7115175226793,139570.5575876134
61,Kadin,42907,4438.958621873904,151137.79310936952
64,Kadin,85934,3856.7451754348294,277313.7258771742
23,Kadin,51287,4085.524228767354,174434.62114383676
37,Kadin,46410,1683.2779729788335,147820.38986489415
40,Kadin,88814,2889.775982220576,281070.8799111029
63,Erkek,34533,2823.8313615518036,117894.15680775902
29,Kadin,32855,3013.491639203627,113790.45819601814
29,Erkek,43260,4673.171221304639,153253.8561065232
51,Kadin,26723,4966.751109022893,105204.75554511446
25,Erkek,40745,1126.5830429747602,127967.9152148738
44,Erkek,69565,1737.3345312055708,217519.67265602786
25,Erkek,44169,4362.228764524409,154418.14382262205
50,Erkek,17299,1350.2871022287254,58798.43551114363
54,Kadin,10884,4902.048735318012,57370.243676590064
36,Kadin,49892,3817.648852379828,168936.24426189915
41,Kadin,14081,1045.5682257098347,47652.841128549175
39,Erkek,10851,3792.004659028653,51641.02329514326
20,Erkek,94217,2234.4798362051415,293913.3991810257
26,Erkek,12597,3005.8046969488137,52922.023484744066
28,Kadin,98508,1558.8300546880691,303474.15027344035
23,Kadin,54761,3414.0481759748914,181499.24087987444
56,Erkek,68887,1853.6212950323588,216091.1064751618
56,Erkek,62156,2131.3014112300307,197286.50705615015
54,Erkek,40885,3784.2318374337524,141734.15918716876
19,Kadin,25956,1795.2402171722902,86982.20108586145
54,Kadin,66314,2155.1597474230093,209925.79873711505
23,Erkek,40992,1347.5426832090843,129809.71341604542
23,Erkek,56765,3401.5668280512873,187398.83414025643
56,Kadin,11512,1959.56812035852,44545.8406017926
53,Kadin,50481,4526.1953571916265,174279.97678595813
42,Erkek,99953,3365.469287129251,316820.34643564624
33,Kadin,36433,1887.0249629331238,118900.12481466561
38,Erkek,65497,1029.1487883636435,201762.74394181822
27,Erkek,32615,1466.9676147039822,105283.83807351992
22,Kadin,48212,1922.1223169103725,154390.61158455187
42,Erkek,35606,3210.0482105348106,123002.24105267406
48,Kadin,67185,1772.194136169115,210611.97068084558
20,Kadin,44162,3730.8121104973934,151280.06055248698
37,Kadin,64015,1355.1092120880685,198994.54606044033
21,Kadin,21836,2598.9274311346376,78644.63715567319
31,Kadin,41960,1946.351381175107,135773.75690587555
29,Erkek,94029,4211.444311854406,303252.22155927203
31,Erkek,99076,1511.8115833277216,304899.0579166386
54,Erkek,99275,1482.4019653330924,305395.00982666545
35,Erkek,58761,4126.082621082181,197033.4131054109
44,Kadin,53466,2407.1459210989997,172621.729605495
24,Kadin,31277,4148.963438751602,114723.817193758
52,Erkek,76799,3658.7750698397376,248844.8753491987
39,Kadin,46892,1352.8419724170249,147618.20986208512
38,Erkek,33704,4884.196660443715,125658.98330221858
60,Kadin,47330,4721.868801437782,165819.34400718892
35,Erkek,69029,4207.389703246594,228243.94851623298
55,Kadin,29718,4353.494269787643,111131.47134893821
